number,name,tags,category,url
1,"Le ombre fuggon, sorge il sol","Gesù Cristo, Restaurazione, Scritture, Sion, battesimo, famiglia, fede, opera missionaria, raduno d’Israele, sacerdozio, templi, verità",Restaurazione,https://assets.churchofjesuschrist.org/bd/d7/bdd7dcd5d8a94395d308725f03f1c2f0337056f1/the_morning_breaks_accompaniment_eng.mp3
2,Lo Spirito arde,"Gesù Cristo, Joseph Smith, Millennio, Restaurazione, Scritture, Seconda Venuta, battesimo, famiglia, fede, lode, opera missionaria, sacerdozio, templi",Restaurazione,https://assets.churchofjesuschrist.org/49/ec/49ecc011ade6e074cdacf8e6ed0f8df18ebc658e/the_spirit_of_god_accompaniment_eng.mp3
3,S’approssima il tempo,"Gesù Cristo, Millennio, Seconda Venuta, amore, avversità, fede, gioia, guida, lode, pace, salvation, unità",Restaurazione,https://assets.churchofjesuschrist.org/97/0f/970fe23e23d3c726815275bed5d088a3989ece16/now_let_us_rejoice_accompaniment_eng.mp3
4,O eterna verità,"Joseph Smith, Restaurazione, conoscenza, rivelazione, sacerdozio, saggezza, verità",Restaurazione,https://assets.churchofjesuschrist.org/40/93/4093649319cdb546ef1fcc5a692c4dabc91ebbdc/truth_eternal_accompaniment_eng.mp3
5,Là dove sorge Sion,"Gesù Cristo, Restaurazione, Sion, apprendimento, exaltation, obbedienza, saggezza, servizio, templi, verità",Restaurazione,https://assets.churchofjesuschrist.org/5a/e3/5ae3fbffbf49edff129911ed84aa439f015a7f23/high_on_the_mountain_top_accompaniment_eng.mp3
6,O Re d’Israele,"Gesù Cristo, Israele, Sion, fede, grazia, lode, piano di salvezza, preghiera, raduno d’Israele, speranza, vita eterna",Restaurazione,https://assets.churchofjesuschrist.org/a7/e3/a7e3acba48e91be21f86b82440cd1a551e6256c6/redeemer_of_israel_accompaniment_eng.mp3
7,"Israele, Dio ti chiama","Seconda Venuta, Sion, fede, raduno d’Israele",Restaurazione,https://assets.churchofjesuschrist.org/0f/08/0f082b4a586ace41358bc920d7b9b3eb47ae356b/israel_israel_god_is_calling_accompaniment_eng.mp3
8,"Venite, cantiam, lodiamo il Signor","Joseph Smith, Restaurazione, lode, musica, profeti, sacerdozio",Restaurazione,https://assets.churchofjesuschrist.org/87/de/87de08451bf577cc1a31332d148c142576859b0a/come_sing_to_the_lord_accompaniment_eng.mp3
9,Dall’alto scese un angel,"Restaurazione, Scritture, raduno d’Israele",Restaurazione,https://assets.churchofjesuschrist.org/d6/a4/d6a42dc776a1a93241c365f300f81c4bf91a60d7/an_angel_from_on_high_accompaniment_eng.mp3
10,Dolce è la pace del Vangel,"Padre Celeste, conforto, conoscenza, misericordia, moralità, pace, saggezza",Restaurazione,https://assets.churchofjesuschrist.org/19/27/19276d17a94e031b1a6963628b244f8b925aa61b/sweet_is_the_peace_the_gospel_brings_accompaniment_eng.mp3
11,"Ti siam grati, o Signor, per il Profeta","Padre Celeste, Sion, Vangelo, avversità, exaltation, fede, gratitudine, grazia, guida, lode, obbedienza, pace, piano di salvezza, profeti, rendere il culto, servizio, speranza, vita eterna",Restaurazione,https://assets.churchofjesuschrist.org/9f/08/9f083d2e3bfa3db29e2eb871da13a1c1d6181a49/te_damos_senor_nuestras_graciasmusica_solo.mp3
12,Dio di forza e di virtù,"Spirito Santo, giovani, guida, leader, sacerdozio",Restaurazione,https://assets.churchofjesuschrist.org/e1/7e/e17e23e000891a7cfc4857de96bced42e67e9655/god_of_power_god_of_right_accompaniment_eng.mp3
13,Ascolta il Profeta,"Restaurazione, conoscenza, gioia, profeti, verità",Restaurazione,https://assets.churchofjesuschrist.org/29/0b/290ba0d5a154b552612845720165c5e9ca7d3fd0/come_listen_to_a_prophets_voice_accompaniment_eng.mp3
14,"Del Tuo profeta, o Dio","preghiera, profeti, unità, verità",Restaurazione,https://assets.churchofjesuschrist.org/0c/6d/0c6d8a1cfd1f240b01311d55b1782eb51f0dc044/god_bless_our_prophet_dear_accompaniment_eng.mp3
15,"Per te, Profeta","preghiera, profeti",Restaurazione,https://assets.churchofjesuschrist.org/0c/3c/0c3c83c613ded96fc53a7db36f08e9fa6d17e96c/we_ever_pray_for_thee_accompaniment_eng.mp3
16,Se ascolti il Profeta,"Gesù Cristo, lode, piano di salvezza, profeti",Restaurazione,https://assets.churchofjesuschrist.org/6d/1a/6d1acdbecf4cce6145394ea49804ff32462a6e33/we_listen_to_a_prophets_voice_accompaniment_eng.mp3
17,Canteremo d’un solo cor,"Joseph Smith, Restaurazione, Scritture, raduno d’Israele, sacerdozio",Restaurazione,https://assets.churchofjesuschrist.org/a0/cf/a0cf3212b689f707e985a72f14195d03e46ea85a/now_well_sing_with_one_accord_accompaniment_eng.mp3
18,Il mattino era sereno,"Gesù Cristo, Joseph Smith, Padre Celeste, Restaurazione, Scritture, amore, battesimo, famiglia, fede, nature, opera missionaria, preghiera, sacerdozio, templi, tentazione",Restaurazione,https://assets.churchofjesuschrist.org/d8/82/d8824361efaa77bd5114bedea7126f40bc560e42/joseph_smiths_first_prayer_accompaniment_eng.mp3
19,Lode all’uomo,"Joseph Smith, Restaurazione, lode, profeti",Restaurazione,https://assets.churchofjesuschrist.org/38/f5/38f52dce94323130e1fee8b03f8acfb821e49e15/praise_to_the_man_accompaniment_eng.mp3
20,Un povero viandante,"Gesù Cristo, compassione, discepolato, ministero, servizio",Restaurazione,https://assets.churchofjesuschrist.org/83/7a/837af3583261221bd776faef0ce7b5db9fe3d2ee/a_poor_wayfaring_man_of_grief_accompaniment_eng.mp3
21,"Santi, venite","Gesù Cristo, avversità, coraggio, fede, gioia, grazia, lode, perseverare fino alla fine, piano di salvezza, pionieri, prove, sacrificio, speranza",Restaurazione,https://assets.churchofjesuschrist.org/da/7b/da7b733762af4ef874b7a25c250a085c3f0df7d6/come_come_ye_saints_accompaniment_eng.mp3
22,Guidami alla vita eterna,"Vangelo, guida, impegno, preghiera, servizio, vita eterna",Restaurazione,https://assets.churchofjesuschrist.org/a3/55/a35536578546701aca5896ec3c4cebeaf2b7bc2b/lead_me_into_life_eternal_accompaniment_eng.mp3
23,Alte vette lassù,"Sion, pionieri",Restaurazione,https://assets.churchofjesuschrist.org/9f/24/9f24252d6157a295b345ebc57ed01b73ad8c5a07/o_ye_mountains_high_accompaniment_eng.mp3
24,Per la Patria,"gratitudine, nature, pionieri",Restaurazione,https://assets.churchofjesuschrist.org/61/8a/618a2c1a500bc4ac76a52c4834aaff930510ff29/for_the_strength_of_the_hills_accompaniment_eng.mp3
25,Alte verso il ciel leviam,"chiusura, gratitudine, lode",Restaurazione,https://assets.churchofjesuschrist.org/a2/f4/a2f45b4993f888e251c768b5937e73dbad719262/raise_your_voices_to_the_lord_accompaniment_eng.mp3
26,"Ridestati, o Sion","Sion, opera missionaria, pazienza, perseverare fino alla fine, prove, raduno d’Israele",Restaurazione,https://assets.churchofjesuschrist.org/e0/a7/e0a7548bf923ae53d0086f3668ac54f8d3eb4107/arise_o_glorious_zion_accompaniment_eng.mp3
27,O santi di Sion,"Gesù Cristo, Seconda Venuta, Sion, opera missionaria, preparazione, sacerdozio",Restaurazione,https://assets.churchofjesuschrist.org/5b/37/5b37c9f7a4b6b69214a247c5feb3012cb2f6ad0d/o_saints_of_zion_accompaniment_eng.mp3
28,Salve al mattino di Sion,"Millennio, Restaurazione, Sion, raduno d’Israele",Restaurazione,https://assets.churchofjesuschrist.org/f2/38/f2380dd02eeb8a4e0503cc5e930910ad6790f5cd/hail_to_the_brightness_of_zions_glad_morning_accompaniment_eng.mp3
29,Là sui monti s’erge Sion,"Sion, conforto, prove",Restaurazione,https://assets.churchofjesuschrist.org/96/fc/96fc3535e523b219604f1fc42e3ab27d19e8ed33/zion_stands_with_hills_surrounded_accompaniment_eng.mp3
30,Bella Sion,"Scritture, battesimo, famiglia, fede, opera missionaria, sacerdozio, templi",Restaurazione,https://assets.churchofjesuschrist.org/82/e5/82e597bfd2b27d03ee34e45741fa499748649c8e/beautiful_zion_built_above_accompaniment_eng.mp3
31,Esultiamo,"Gesù Cristo, Restaurazione, gioia, verità",Restaurazione,https://assets.churchofjesuschrist.org/41/c4/41c4377348e9cb2a6deb60c1906e808b868f58e9/come_rejoice_accompaniment_eng.mp3
32,"Sorgi presto, dì promesso","Gesù Cristo, Millennio, Seconda Venuta, raduno d’Israele",Restaurazione,https://assets.churchofjesuschrist.org/69/07/690737f341df953ed484175fdb0ed5a511292656/come_thou_glorious_day_of_promise_accompaniment_eng.mp3
33,L’aurora vien lesta,"Gesù Cristo, Millennio, pace, rendere il culto, templi, unità",Restaurazione,https://assets.churchofjesuschrist.org/04/6f/046f7f2cc133f660dd29843d239cbdfc2ed536e8/the_day_dawn_is_breaking_accompaniment_eng.mp3
34,"Deh, vieni, o Re dei re","Gesù Cristo, Millennio, lode, pace, raduno d’Israele",Restaurazione,https://assets.churchofjesuschrist.org/f2/b6/f2b61c282b4e0cab847d92198ce544fe30a6b831/come_o_thou_king_of_kings_accompaniment_eng.mp3
35,"Forza, figli del Signor","Gesù Cristo, Millennio, amore, fede, figlio di Dio, gioia, lode, musica, pace, rendere il culto, unità",Restaurazione,https://assets.churchofjesuschrist.org/79/c9/79c983510d9534422bc052cd3008adc82ed0c383/come_ye_children_of_the_lord_accompaniment_eng.mp3
36,O creature del Signor,"Creator, Gesù Cristo, gratitudine, lode, nature",Lode e ringraziamento,https://media2.ldscdn.org/assets/music/hymns/2001-01-0620-all-creatures-of-our-god-and-king-instrumental-256k-eng.mp3
37,Per la terra tutta in fior,"Creazione, amici, amore, famiglia, gioia, gratitudine, lode, nature",Lode e ringraziamento,https://assets.churchofjesuschrist.org/df/28/df28b772e0141fc8324ad62c8bbc13ca1cadc71d/for_the_beauty_of_the_earth_accompaniment_eng.mp3
38,Qual forte rocca è il Signor,"conforto, lode, rendere il culto",Lode e ringraziamento,https://assets.churchofjesuschrist.org/00/f4/00f41b89b50707fdaf539e509e8d2a642479ec55/a_mighty_fortress_is_our_god_accompaniment_eng.mp3
39,Gloria al Signor lassù!,"Gesù Cristo, amore, grazia, lode, musica, saggezza",Lode e ringraziamento,https://assets.churchofjesuschrist.org/38/65/38650e196be18dd0d6b8c6607b2cb9c7f04fd9cd/glory_to_god_on_high_accompaniment_eng.mp3
40,O Condottiero d’Israel,,Lode e ringraziamento,
41,"A Te, Signor",,Lode e ringraziamento,
42,"Sian gloria, onore e lode","Gesù Cristo, Pasqua, famiglia, lode, musica",Lode e ringraziamento,https://assets.churchofjesuschrist.org/6f/d5/6fd52d850cf97842f8a8b7a8035739e0e50d785c/all_glory_laud_and_honor_accompaniment_eng.mp3
43,È Cristo il nostro Re!,"Gesù Cristo, gioia, gratitudine, lode, rendere il culto",Lode e ringraziamento,https://assets.churchofjesuschrist.org/69/85/698570552c64f8761dd7eb0512a139405bb5a703/rejoice_the_lord_is_king_accompaniment_eng.mp3
44,Mandate voci di gioia all’Eterno,,Lode e ringraziamento,
45,Lodiamo il nostro gran Signor,"Gesù Cristo, lode, misericordia, musica",Lode e ringraziamento,https://assets.churchofjesuschrist.org/7d/1e/7d1ed28c785f1b3efbdbb64ee039162b311d5156/sing_praise_to_him_accompaniment_eng.mp3
46,Lode all’Altissimo,"Creator, Gesù Cristo, amore, gioia, lode, misericordia, musica, rendere il culto",Lode e ringraziamento,https://assets.churchofjesuschrist.org/d0/78/d078400de0558b246707f88990c402ca30585534/praise_to_the_lord_the_almighty_accompaniment_eng.mp3
47,Onnipotente è il braccio del Signor,"Gesù Cristo, Padre Celeste, gratitudine, grazia, guida, lode, pace",Lode e ringraziamento,https://assets.churchofjesuschrist.org/59/e0/59e0b309e7fcd5e1ec141dfbb8db7cb30a0fa5d1/god_of_our_fathers_whose_almighty_hand_accompaniment_eng.mp3
48,Avanti andiam,"Scritture, amore, exaltation, fede, perseverare fino alla fine, speranza",Lode e ringraziamento,https://assets.churchofjesuschrist.org/3d/44/3d4496417f7daca0823a47b264273f4f45a1adfa/press_forward_saints_accompaniment_eng.mp3
49,Un fermo sostegno,"Gesù Cristo, Joseph Smith, Scritture, amore, avversità, battesimo, famiglia, fede, grazia, impegno, opera missionaria, sacerdozio, speranza, templi",Lode e ringraziamento,https://media2.ldscdn.org/assets/music/hymns/2001-01-0850-how-firm-a-foundation-instrumental-192k-eng.mp3
50,O mio Signor,"Gesù Cristo, grazia, lode, nature, rendere il culto",Lode e ringraziamento,
51,"Guidaci, o grande Geova","Gesù Cristo, Seconda Venuta, fede, gratitudine, grazia, lode, misericordia, prove",Lode e ringraziamento,https://media2.ldscdn.org/assets/music/hymns/2001-01-0830-guide-us-o-thou-great-jehovah-instrumental-192k-eng.mp3
52,Il divino amor,"Padre Celeste, amore, nature",Lode e ringraziamento,https://assets.churchofjesuschrist.org/04/87/0487fd55fd88c3cf1e928d82e8028018f8d69761/god_is_love_accompaniment_eng.mp3
53,"Sei luce, Signor","Gesù Cristo, Spirito Santo, fede, gioia, grazia, guida, lode, misericordia, musica, salvation",Lode e ringraziamento,https://assets.churchofjesuschrist.org/0f/a4/0fa43afcec6b19fcfe2e8cf26d20e1e14c3b54b0/jesus_es_mi_luzmusica_solo.mp3
54,Preghiera di ringraziamento,"gratitudine, lode, preghiera",Lode e ringraziamento,https://assets.churchofjesuschrist.org/8d/6e/8d6e59ff32504c822cda6eadc3625875b4df70c2/prayer_of_thanksgiving_music_only.mp3
55,"Grati, o santi, in cor cantiam","gratitudine, lode",Lode e ringraziamento,https://assets.churchofjesuschrist.org/6b/bc/6bbc03a331fc0c88a6d12e598df922866ca2fdc9/come_ye_thankful_people_accompaniment_eng.mp3
56,Santo è il Signor,,Lode e ringraziamento,
57,D’ogni era Tu il Signor,"Espiazione di Gesù Cristo, Gesù Cristo, fede, grazia, preghiera, salvation",Preghiera e supplica,https://assets.churchofjesuschrist.org/cd/58/cd58356c5ba006dfe74b4c313014a6b7d6fc7fdd/rock_of_ages_accompaniment_eng.mp3
58,"Rischiara, Padre, questo mio sentier","Gesù Cristo, conforto, fede, grazia, guida, preghiera, prove",Preghiera e supplica,https://assets.churchofjesuschrist.org/07/46/0746b52e697d4e8948972bc8065c11691b2167cb/lead_kindly_light_accompaniment_eng.mp3
59,Bisogno ho di Te,"Gesù Cristo, conforto, gratitudine, grazia, lode, preghiera, tentazione",Preghiera e supplica,https://media2.ldscdn.org/assets/music/hymns/2001-01-0980-i-need-thee-every-hour-instrumental-192k-eng.mp3
60,"Sempre vicino a Te, dolce Signor","Gesù Cristo, Padre Celeste, conforto, guida, lode, misericordia, pace, preghiera",Preghiera e supplica,https://media2.ldscdn.org/assets/music/hymns/2001-01-1000-nearer-my-god-to-thee-instrumental-192k-eng.mp3
61,Guidami a Te,"Gesù Cristo, conforto, grazia, guida, prove",Preghiera e supplica,https://assets.churchofjesuschrist.org/60/72/6072e60fc9f5f42ebc05a488307af39e321699f5/guide_me_to_thee_accompaniment_eng.mp3
62,"Dammi, o Signor",,Preghiera e supplica,
63,"Oh, qual furente tempesta","Gesù Cristo, avversità, conforto, fede, gioia, grazia, lode, obbedienza, pace, prove, speranza, tentazione",Preghiera e supplica,https://assets.churchofjesuschrist.org/89/79/8979c4f784800655e13f8d1219c8c8bad3994d10/master_the_tempest_is_raging_accompaniment_eng.mp3
64,"O accetta, nostro Padre","Spirito Santo, risurrezione, umiltà",Preghiera e supplica,https://assets.churchofjesuschrist.org/1c/75/1c752a07a335ff7f79e98f86813b7cc73c7f4e43/lord_accept_our_true_devotion_accompaniment_eng.mp3
65,"T’amo tanto, buon Gesù","Gesù Cristo, conforto, fede, guida, preghiera, prove",Preghiera e supplica,https://assets.churchofjesuschrist.org/34/9a/349a83aa9200454cb13af80946ad3d55e3700c81/jesus_lover_of_my_soul_accompaniment_eng.mp3
66,Benigno Pastore,"Gesù Cristo, amore, grazia, guida, pace, shepherd",Preghiera e supplica,https://assets.churchofjesuschrist.org/31/81/31810e1b5086a34b36fe9b58755712733f1af3ce/the_lord_is_my_shepherd_accompaniment_eng.mp3
67,Amar Gesù,"Espiazione di Gesù Cristo, Gesù Cristo, Padre Celeste, amore, gioia, lode, obbedienza, preghiera, speranza, vita eterna",Preghiera e supplica,https://assets.churchofjesuschrist.org/eb/e5/ebe5dfe95410cf62639818061200fc293401ec02/our_saviors_love_accompaniment_eng.mp3
68,Seguitemi,"Gesù Cristo, battesimo, discepolato, esempio, exaltation, fede, impegno, obbedienza, piano di salvezza, vita eterna",Preghiera e supplica,https://assets.churchofjesuschrist.org/ec/02/ec02808b758f7e0b7b1601d8900e028c75b39fc8/come_follow_me_accompaniment_eng.mp3
69,Venite a Cristo,"Gesù Cristo, amore, conforto, fede, grazia, guida, pace, pentimento, preghiera, prove",Preghiera e supplica,https://assets.churchofjesuschrist.org/a6/ea/a6eae5803625f1a64cc4e6b20f899bf949677539/come_unto_jesus_accompaniment_eng.mp3
70,Se aspro appare il tuo sentier,"Gesù Cristo, Seconda Venuta, avversità, prove, risurrezione, speranza",Preghiera e supplica,https://assets.churchofjesuschrist.org/aa/ef/aaef9574e85e31a344231dac5ae11a3d45e98000/aunque_colmados_de_pesarmusica_solo.mp3
71,Noi che il Signore amiam,"musica, rendere il culto",Preghiera e supplica,https://assets.churchofjesuschrist.org/2f/0d/2f0d8333fc8c84e156b653d4311e207e754fcf19/venid_los_que_a_dios_amaismusica_solo.mp3
72,Anima mia,"Gesù Cristo, conforto, grazia, pace, prove",Preghiera e supplica,
73,"Oh, quanto dolce","Espiazione di Gesù Cristo, Gesù Cristo, Padre Celeste, amore, comandamenti, conforto, fede, grazia, lode, rendere il culto, sacramento",Preghiera e supplica,https://assets.churchofjesuschrist.org/a5/db/a5db2302859ee17b049bf8a54107cae692ba1058/how_gentle_gods_commands_accompaniment_eng.mp3
74,La fede si rafforzerà,"conforto, fede, pace, perseverare fino alla fine, umiltà",Preghiera e supplica,https://assets.churchofjesuschrist.org/bf/42/bf42154d37f5bde6175cd805eeb9548823e5c5c5/when_faith_endures_accompaniment_eng.mp3
75,Dove trovar potrò pace e conforto?,"Gesù Cristo, amici, amore, avversità, conforto, fede, gentilezza, grazia, pace, preghiera, prove, speranza",Preghiera e supplica,https://assets.churchofjesuschrist.org/19/b8/19b84203a56ccca532b654cb799222180007a833/where_can_i_turn_for_peace_accompaniment_eng.mp3
76,Sii umile,"Gesù Cristo, amore, exaltation, guida, preghiera, servizio, umiltà, vita eterna",Preghiera e supplica,https://media2.ldscdn.org/assets/music/hymns/2001-01-1300-be-thou-humble-instrumental-192k-eng.mp3
77,Più forza Tu dammi,"Gesù Cristo, discepolato, fede, gioia, gratitudine, grazia, pazienza, pentimento, preghiera, servizio, speranza, spiritualità, umiltà",Preghiera e supplica,https://media2.ldscdn.org/assets/music/hymns/2001-01-1310-more-holiness-give-me-instrumental-192k-eng.mp3
78,Dio è nel Suo santo tempio,"Parola di Saggezza, dignità, moralità, rendere il culto, riverenza, spiritualità, storia familiare, templi",Preghiera e supplica,https://assets.churchofjesuschrist.org/e3/4c/e34c7c1e3e39611c1a0c60a91cb53b36500b0d34/god_is_in_his_holy_temple_accompaniment_eng.mp3
79,Padre del cielo,"Padre Celeste, conforto, pace, rendere il culto",Preghiera e supplica,https://assets.churchofjesuschrist.org/00/44/0044df2923ab3db1b196e1c0a30c888c180ff708/father_in_heaven_accompaniment_eng.mp3
80,"Credo in Te, Gesù","Gesù Cristo, Jesus Christ's ministry, exaltation, fede, gioia, grazia, lode, perseverare fino alla fine, testimonianza, vita eterna",Preghiera e supplica,https://assets.churchofjesuschrist.org/66/4f/664f137e51160be4b269511dcf7c9f75e23b614a/i_believe_in_christ_accompaniment_eng.mp3
81,Vive il Redentor,"Gesù Cristo, fede, lode, pace, rendere il culto, speranza, testimonianza, vita eterna",Preghiera e supplica,https://assets.churchofjesuschrist.org/08/65/08659b501e47652af63a7cf1ebe9bf7b2a39135b/my_redeemer_lives_accompaniment_eng.mp3
82,Io so che vive il Redentor,"Gesù Cristo, amici, amore, conforto, esempio, fede, gioia, grazia, guida, lode, misericordia, rendere il culto, speranza, testimonianza",Preghiera e supplica,https://media2.ldscdn.org/assets/music/hymns/2001-01-1360-i-know-that-my-redeemer-lives-instrumental-192k-eng.mp3
83,Testimonianza,"Spirito Santo, gratitudine, testimonianza",Preghiera e supplica,https://assets.churchofjesuschrist.org/fc/e4/fce420a6678ffacb8c9e54adf29dec6b730a96c7/testimony_accompaniment_eng.mp3
84,Hai lasciato all’alba il sonno,"Gesù Cristo, conforto, gratitudine, grazia, pace, perdono, preghiera, prove, speranza",Preghiera e supplica,https://media2.ldscdn.org/assets/music/hymns/2001-01-1400-did-you-think-to-pray-instrumental-192k-eng.mp3
85,"Gesù, se sol io penso a Te","Gesù Cristo, amore, conforto, gentilezza, gioia, grazia, lode, misericordia, pace, speranza, vita eterna",Preghiera e supplica,https://assets.churchofjesuschrist.org/6f/a3/6fa311479b1ef8abf25def6fd0c08bad0bb92d3c/jesus_the_very_thought_of_thee_accompaniment_eng.mp3
86,È dolce l’ora del pregar,"Padre Celeste, conforto, fede, grazia, pace, preghiera, speranza, tentazione",Preghiera e supplica,https://assets.churchofjesuschrist.org/59/26/5926401ea66e3b23dd8290ce15a48ed5f86c589d/sweet_hour_of_prayer_accompaniment_eng.mp3
87,Scenda in noi lo Spirto Tuo,"Spirito Santo, arbitrio, dignità, guida, insegnamento",Preghiera e supplica,https://assets.churchofjesuschrist.org/7f/4f/7f4f436911f66fc017f9cc7b945f12856c561b95/let_the_holy_spirit_guide_accompaniment_eng.mp3
88,C’è un’ora dolce e cheta,"Padre Celeste, fede, preghiera, unità",Preghiera e supplica,https://assets.churchofjesuschrist.org/fe/fc/fefcf90d1268387877f270b26144fc91a5b6415a/secret_prayer_accompaniment_eng.mp3
89,Desio dell’alma,"Gesù Cristo, pentimento, preghiera",Preghiera e supplica,https://assets.churchofjesuschrist.org/7b/fc/7bfc142f5126cb0f1d0c1b0c6673f0037ef1a662/la_oracion_del_alma_esmusica_solo.mp3
90,Oggi è il giorno del Signor,"giorno del Signore, pentimento, sacramento",Preghiera e supplica,https://assets.churchofjesuschrist.org/60/de/60de9fa9d3a08921626faccbb57ff794c9109cb9/gently_raise_the_sacred_strain_accompaniment_eng.mp3
91,Dolce è il lavoro del Signor,"Gesù Cristo, Vangelo, amore, gioia, giorno del Signore, gratitudine, grazia, lode, musica, verità, vita eterna",Preghiera e supplica,https://assets.churchofjesuschrist.org/af/b6/afb61cf1e1bf632a0d07eb506b5512226ac65035/sweet_is_the_work_accompaniment_eng.mp3
92,O gentile e giusto Padre,"Padre Celeste, giorno del Signore, guida, rendere il culto, riverenza",Preghiera e supplica,https://assets.churchofjesuschrist.org/82/44/8244aa91dcabe8d33de25ea9467f2a218059ec6a/nuestro_bondadoso_padremusica_solo.mp3
93,La rugiada del mattino,"rivelazione, riverenza, umiltà",Preghiera e supplica,https://assets.churchofjesuschrist.org/c2/dc/c2dcbeb0fd99fb4d1c05c2cb10da3d53af8fc400/as_the_dew_from_heaven_distilling_accompaniment_eng.mp3
94,Fino al giorno in cui ci rivedrem,"amore, conforto, grazia, piano di salvezza",Preghiera e supplica,https://assets.churchofjesuschrist.org/82/12/821282e202f5b2b4e6a0c717a3994c8c32d11944/god_be_with_you_till_we_meet_again_accompaniment_eng.mp3
95,Dolcemente cala il sol,"chiusura, preghiera",Preghiera e supplica,https://assets.churchofjesuschrist.org/0a/7d/0a7d0534217df9c2b9e50e08d1e513aead09c9b3/softly_now_the_light_of_day_accompaniment_eng.mp3
96,"Or congedaci, Signore","Vangelo, amore, fede, gioia, gratitudine, grazia, pace, preghiera, salvation, vita eterna",Preghiera e supplica,https://assets.churchofjesuschrist.org/22/24/2224e62f375bdea6369477aafb2a6aa12e1f405c/lord_dismiss_us_with_thy_blessing_accompaniment_eng.mp3
97,Muore questo giorno,"Gesù Cristo, conforto, grazia, pace, preghiera",Preghiera e supplica,https://assets.churchofjesuschrist.org/ea/dc/eadcfc942ba9343d979b8cb0019e27f1636b33e8/now_the_day_is_over_accompaniment_eng.mp3
98,Prima di lasciarci,"chiusura, lode, musica",Preghiera e supplica,https://assets.churchofjesuschrist.org/11/91/11919072cf230a5199ad15e332302ed19a3a82b5/sing_we_now_at_parting_accompaniment_eng.mp3
99,Or che stiamo per andar,"chiusura, dignità, fede, giovani, guida, obbedienza, servizio, umiltà",Preghiera e supplica,https://assets.churchofjesuschrist.org/00/a3/00a3e7b277529a39006d62d6e75a47aae54ad404/lord_we_ask_thee_ere_we_part_accompaniment_eng.mp3
100,"Signore, resta qui con me","Gesù Cristo, Joseph Smith, Scritture, amore, battesimo, conforto, famiglia, fede, grazia, opera missionaria, pace, preghiera, prove, sacerdozio, templi",Preghiera e supplica,https://assets.churchofjesuschrist.org/8f/0d/8f0d71c5800f3667d4a487fe677df690514d0e64/abide_with_me_tis_eventide_accompaniment_eng.mp3
101,Il dì declina,"Gesù Cristo, conforto, fede, grazia, guida, preghiera, prove",Preghiera e supplica,https://assets.churchofjesuschrist.org/92/07/92073132dcfb91481fd4894a8314df81929e65c3/abide_with_me_accompaniment_eng.mp3
102,"Umilmente, Salvatore","Espiazione di Gesù Cristo, Gesù Cristo, Spirito Santo, amore, dignità, giorno del Signore, impegno, pentimento, perdono, preghiera, rendere il culto, sacramento, umiltà, vita eterna",Sacramento,https://assets.churchofjesuschrist.org/a5/9f/a59f75fb10543d7331c53c271a5f624a12e9a513/in_humility_our_savior_accompaniment_eng.mp3
103,"Padre nostro, ascoltaci","Gesù Cristo, Padre Celeste, Spirito Santo, amore, grazia, pentimento, preghiera, sacramento",Sacramento,https://media2.ldscdn.org/assets/music/hymns/2001-01-1700-god-our-father-hear-us-pray-instrumental-192k-eng.mp3
104,"O Dio, eterno Padre","Gesù Cristo, Padre Celeste, piano di salvezza, preghiera, sacramento",Sacramento,https://assets.churchofjesuschrist.org/ed/7d/ed7dfd10cac5f2a03697e484489f3d1469c29d86/o_god_the_eternal_father_accompaniment_eng.mp3
105,Iddio ebbe carità,"Espiazione di Gesù Cristo, Gesù Cristo, amore, esempio, grazia, lode, misericordia, obbedienza, piano di salvezza, sacramento, sacrificio, saggezza",Sacramento,https://assets.churchofjesuschrist.org/0b/1a/0b1a8d0d81927964b501261c21bcfaaa0c273c13/how_great_the_wisdom_and_the_love_accompaniment_eng.mp3
106,Cantiamo insieme il grande amor,"Espiazione di Gesù Cristo, Gesù Cristo, amore, fede, giorno del Signore, lode, piano di salvezza, sacramento",Sacramento,https://assets.churchofjesuschrist.org/cc/f5/ccf5ea24ccb1724d96624c1709c92245fb5ad662/tis_sweet_to_sing_the_matchless_love_hancock_accompaniment_eng.mp3
107,Con canti e lodi inneggerem,"Gesù Cristo, sacramento",Sacramento,https://assets.churchofjesuschrist.org/29/e7/29e759288b4de65f563a70ae81d527190b7ecb12/well_sing_all_hail_to_jesus_name_accompaniment_eng.mp3
108,Riverentemente or,"Gesù Cristo, dignità, grazia, misericordia, perdono, riverenza, sacramento",Sacramento,https://assets.churchofjesuschrist.org/fd/5c/fd5caafdeddbfcf4110a44cf8f041b31c996ec80/mansos_reverentes_hoymusica_solo.mp3
109,In cima al Calvario,"Gesù Cristo, sacramento",Sacramento,https://assets.churchofjesuschrist.org/35/df/35dfb8ba7108beee9d513dbf0f34f3bc3e94d4ba/upon_the_cross_of_calvary_accompaniment_eng.mp3
110,"Cristo di Nazaret, Re, Salvator","Gesù Cristo, sacramento",Sacramento,https://assets.churchofjesuschrist.org/d4/df/d4df31af9543a00a042b8318f5252d92d2eb3cf7/jesus_of_nazareth_savior_and_king_accompaniment_eng.mp3
111,Il Padre diede il Suo Figliuol,"Gesù Cristo, Padre Celeste, amore, grazia, piano di salvezza, sacramento",Sacramento,https://assets.churchofjesuschrist.org/14/aa/14aad8dae2b37ec814808ad098ddcdf4bede2ee5/god_loved_us_so_he_sent_his_son_accompaniment_eng.mp3
112,Ricorda che Gesù morì,"Espiazione di Gesù Cristo, Gesù Cristo, lode, morte fisica, rendere il culto, risurrezione, sacramento",Sacramento,https://assets.churchofjesuschrist.org/bb/4c/bb4c8a0390929cc96ef5f96c2e501b93dffff3c9/behold_the_great_redeemer_die_accompaniment_eng.mp3
113,Per ricordar Chi un dì morì,"Gesù Cristo, Spirito Santo, impegno, sacramento",Sacramento,https://assets.churchofjesuschrist.org/3f/a7/3fa7402e9b2701040674d4327bb5daa9221831dc/nos_reunimos_padre_hoymusica_solo.mp3
114,Attonito resto,"Espiazione di Gesù Cristo, Gesù Cristo, Pasqua, amore, gioia, gratitudine, grazia, lode, misericordia, perdono, piano di salvezza, rendere il culto, sacramento, umiltà",Sacramento,https://assets.churchofjesuschrist.org/20/23/2023237d0d0c56fe42f4025559ed4384a3334b46/i_stand_all_amazed_accompaniment_eng.mp3
115,Un verde colle v’è lontano,"Espiazione di Gesù Cristo, Gesù Cristo, amore, discepolato, fede, grazia, piano di salvezza, sacramento, sacrificio",Sacramento,https://assets.churchofjesuschrist.org/f9/50/f9507b2c683dd33586311ead01d402717a00a4dd/there_is_a_green_hill_far_away_accompaniment_eng.mp3
116,L’acqua e il pane noi prendiam,"Espiazione di Gesù Cristo, Gesù Cristo, dignità, risurrezione, sacramento, speranza",Sacramento,https://media2.ldscdn.org/assets/music/hymns/2001-01-1740-while-of-these-emblems-we-partake-instrumental-192k-eng.mp3
117,Gesù nacque in umiltà,"Espiazione di Gesù Cristo, Gesù Cristo, Natale, Seconda Venuta, lode, rendere il culto, sacramento",Sacramento,https://assets.churchofjesuschrist.org/6b/29/6b29bd2f96c2d9a7ea27bd86a94f7c6c12db07dd/jesus_once_of_humble_birth_accompaniment_eng.mp3
118,È risorto!,"Gesù Cristo, Pasqua, gioia, lode, musica, piano di salvezza, rendere il culto, risurrezione, speranza",Pasqua,https://media2.ldscdn.org/assets/music/hymns/2001-01-1990-he-is-risen-instrumental-192k-eng.mp3
119,È risorto il Signor,"Espiazione di Gesù Cristo, Gesù Cristo, Pasqua, gioia, lode, rendere il culto, risurrezione, speranza",Pasqua,https://media2.ldscdn.org/assets/music/hymns/2001-01-2000-christ-the-lord-is-risen-today-instrumental-192k-eng.mp3
120,Gioisca il mondo,"Gesù Cristo, Natale, Seconda Venuta, gioia, lode",Natale,https://assets.churchofjesuschrist.org/4f/6f/4f6f37e215315b0c136a257d60a08830cea55294/joy_to_the_world_accompaniment_eng.mp3
121,"Venite, fedeli","Gesù Cristo, Natale, gioia, lode, musica",Natale,https://media2.ldscdn.org/assets/music/hymns/2001-01-2020-oh-come-all-ye-faithful-instrumental-192k-eng.mp3
122,Gli angeli lassù nel ciel,"Gesù Cristo, Natale, lode, rendere il culto",Natale,https://media2.ldscdn.org/assets/music/hymns/2001-01-2030-angels-we-have-heard-on-high-instrumental-192k-eng.mp3
123,Nato è Gesù,"Gesù Cristo, Natale, grazia, lode, lullaby, pace, rendere il culto, shepherd",Natale,https://assets.churchofjesuschrist.org/3d/60/3d602195e9daf3827419c4db45adbc54e9d7ed1b/silent_night_accompaniment_eng.mp3
124,Col capo sul fieno,"Gesù Cristo, Natale, amore, conforto, gioia, lode, preghiera, rendere il culto, vita eterna",Natale,https://assets.churchofjesuschrist.org/58/78/5878cb6a2490344c48b74f067d0d34396575b9d0/away_in_a_manger_accompaniment_eng.mp3
125,A mezzanotte in ciel s’udì,Natale,Natale,https://assets.churchofjesuschrist.org/a1/5a/a15ac4cfc0e19589faebffbc0bf0bf94e8db35a4/it_came_upon_the_midnight_clear_accompaniment_eng.mp3
126,"Betlemme, piccola città","Gesù Cristo, Natale, lode",Natale,https://assets.churchofjesuschrist.org/1e/5b/1e5bed979b8b2b725703f0669578cd6929f7f8a4/o_little_town_of_bethlehem_accompaniment_eng.mp3
127,Un Re nacque a Betleem,Natale,Natale,https://assets.churchofjesuschrist.org/5b/ac/5bac63adf926f7e768686730fe47af0df8770532/hark_the_herald_angels_sing_accompaniment_eng.mp3
128,Campane il giorno di Natal,"Gesù Cristo, Natale, avversità, gioia, lode, pace, speranza",Natale,https://assets.churchofjesuschrist.org/65/79/6579ebb0fe0de636970cb7ecadb442956a98c933/campanas_de_navidadmusica_solo.mp3
129,"Là, nell’Oriente lontano, lontan","Gesù Cristo, Natale, lode, shepherd",Natale,https://assets.churchofjesuschrist.org/34/78/3478c03549bccd4dcda56ea5e86c24042b774c2a/en_la_judea_en_tierra_de_diosmusica_solo.mp3
130,Lieti siamo in cuor,,Natale,
131,"Natal, Natal","Espiazione di Gesù Cristo, Gesù Cristo, Natale, lode, rendere il culto, shepherd",Natale,https://assets.churchofjesuschrist.org/da/da/dadac4012767e0e449d7fb8e236b09c698b3270f/the_first_noel_accompaniment_eng.mp3
132,Un dolce suon si libra in ciel,Pasqua,Occasioni speciali,https://assets.churchofjesuschrist.org/55/a5/55a5e4d2a5ae8deca3119c812b4bbde8ff304020/ring_out_wild_bells_accompaniment_eng.mp3
133,Poiché io molto ho avuto,"gratitudine, servizio",Occasioni speciali,
134,"O Signor, ch’io possa amarTi","Gesù Cristo, amore, discepolato, esempio, giudicare, impegno, ministero, servizio",Occasioni speciali,https://assets.churchofjesuschrist.org/75/08/7508785fd96fa6e5a8813012f53155daede62699/lord_i_would_follow_thee_accompaniment_eng.mp3
135,Caro al cuor del Pastore,"Gesù Cristo, discepolato, ministero, shepherd",Occasioni speciali,https://assets.churchofjesuschrist.org/e4/59/e4596447d0530ea692422f3e6bfc24033ab3bd8a/dear_to_the_heart_of_the_shepherd_accompaniment_eng.mp3
136,Ho aiutato il mio prossimo in questo dì?,"amore, arbitrio, gioia, lavoro, ministero, servizio, sharing",Occasioni speciali,https://assets.churchofjesuschrist.org/cb/f0/cbf05330e891bfd365e1b2915114a3a861e81f31/have_i_done_any_good_accompaniment_eng.mp3
137,Ogni giorno seminiamo,"Gesù Cristo, arbitrio, fede, obbedienza, piano di salvezza, responsabilità, vita eterna",Occasioni speciali,https://assets.churchofjesuschrist.org/a6/0e/a60efd62072781c966f5e658ba80a97648eac676/we_are_sowing_accompaniment_eng.mp3
138,Ho ancor tanto da far,"comandamenti, lavoro, obbedienza, pentimento",Occasioni speciali,https://assets.churchofjesuschrist.org/2b/2c/2b2c76844281c87f958390f373855fe669d39e71/i_have_work_enough_to_do_accompaniment_eng.mp3
139,Tesoro fa’ dell’ore,"discepolato, felicità, preparazione, responsabilità, speranza",Occasioni speciali,https://assets.churchofjesuschrist.org/7f/52/7f52d095c0a9d4dab4d17084d4d467c9ad043bc7/improve_the_shining_moments_accompaniment_eng.mp3
140,Nell’anima mia c’è il sol,"Gesù Cristo, amore, felicità, gioia, grazia, lode, musica, nature, speranza",Occasioni speciali,https://assets.churchofjesuschrist.org/4e/a0/4ea0b42c2bef4d004e604a13f2457738c604b710/tengo_gozo_en_mi_alma_hoymusica_solo.mp3
141,È più lieto il tuo cammin,"amore, discepolato, felicità, gioia, servizio",Occasioni speciali,https://assets.churchofjesuschrist.org/28/5a/285a946d169d8a310e4c7c3a4883d68724b25186/you_can_make_the_pathway_bright_accompaniment_eng.mp3
142,In ciel splende il sole,"discepolato, preparazione, responsabilità, speranza",Occasioni speciali,https://assets.churchofjesuschrist.org/a7/97/a7974ecfaf67a85237dec5844a74a18041c08ee3/today_while_the_sun_shines_accompaniment_eng.mp3
143,A chi è triste al mondo,"amore, carità, conforto, gioia, servizio",Occasioni speciali,https://assets.churchofjesuschrist.org/7d/6a/7d6a60a825a671773406ab451bb8feeb1d801a3f/scatter_sunshine_accompaniment_eng.mp3
144,Con accenti gentili parliamo,"amore, felicità, speech, unità",Occasioni speciali,https://assets.churchofjesuschrist.org/3e/f7/3ef74d3b3022b0decdf91ff6551c929354dc1d85/let_us_oft_speak_kind_words_accompaniment_eng.mp3
145,Se ti senti di accusare,"discepolato, giudicare, speech",Occasioni speciali,https://assets.churchofjesuschrist.org/7f/4b/7f4bf5c44994f90ccd1357d9270023e04fa48707/should_you_feel_inclined_to_censure_accompaniment_eng.mp3
146,"O Geova, Re di terra e ciel","Millennio, musica, opera missionaria",Occasioni speciali,https://assets.churchofjesuschrist.org/04/cc/04cc5fbae846219db52dcce6c8d750d133ef5fad/jehovah_lord_of_heaven_and_earth_accompaniment_eng.mp3
147,Fai ciò ch’è ben,"arbitrio, fede, perseverare fino alla fine",Occasioni speciali,https://assets.churchofjesuschrist.org/4a/57/4a57e959da8e3bdc234fb48bf61c676398b6640d/haz_tu_lo_justomusica_solo.mp3
148,Scegli il ben,"arbitrio, comandamenti, fede, gioia, guida, pace, saggezza",Occasioni speciali,https://assets.churchofjesuschrist.org/4b/e9/4be9078a73bbca0515ddf76885bb225908d7ebd9/haz_el_bienmusica_solo.mp3
149,Vicini all’acque siamo già,,Occasioni speciali,
150,Quando la tempesta s’avvicinerà,"avversità, fede, gratitudine, grazia, perseverare fino alla fine, prove",Occasioni speciali,https://assets.churchofjesuschrist.org/6c/e1/6ce1bd2ba1cfa424bee96c2cb1be18f1b0f8ee3a/cuenta_tus_bendicionesmusica_solo.mp3
151,Avanziamo insiem nel lavoro del Signor,"Gesù Cristo, coraggio, fede, impegno, obbedienza, perseverare fino alla fine, prove, verità, vita eterna",Occasioni speciali,https://assets.churchofjesuschrist.org/3e/90/3e90327164e05c1b0b4aa243025ff1b862fdbd96/let_us_all_press_on_accompaniment_eng.mp3
152,"Su, soldati, in guardia!","coraggio, impegno, lode, speranza, unità",Occasioni speciali,https://assets.churchofjesuschrist.org/00/e2/00e2ad0e3cdbae336007d1b7f8e361636fb231e9/onward_christian_soldiers_accompaniment_eng.mp3
153,Sia lode a Dio,"Gesù Cristo, Padre Celeste, Spirito Santo, amore, gratitudine, grazia, lode, piano di salvezza",Occasioni speciali,https://assets.churchofjesuschrist.org/21/b5/21b54bf726b68607da5c39cac93f351c8fa2ca94/a_dios_el_padre_y_a_jesusmusica_solo.mp3
154,Stiam marciando verso la gloria,"exaltation, impegno, perseverare fino alla fine",Occasioni speciali,https://assets.churchofjesuschrist.org/ce/3a/ce3a6b31714241c63a9f77dd1cae1ddda0dbbf0d/we_are_marching_on_to_glory_accompaniment_eng.mp3
155,La Tua casa amiam,"dedicazione degli edifici, gratitudine, riverenza, storia familiare, templi",Occasioni speciali,https://assets.churchofjesuschrist.org/bc/2d/bc2dc4e47e88648ff5e5a7c03871e9fd683b57c2/we_love_thy_house_o_god_accompaniment_eng.mp3
156,Chiamati a servirLo,"Gesù Cristo, fede, impegno, lode, opera missionaria, perseverare fino alla fine, servizio",Occasioni speciali,https://assets.churchofjesuschrist.org/87/1b/871bcbee9b93e7594e8d99394caeb089eaadc64d/called_to_serve_accompaniment_eng.mp3
157,Arruolati dal Signor,"coraggio, dignità, fede, felicità, impegno, perseverare fino alla fine, responsabilità, speranza",Occasioni speciali,https://assets.churchofjesuschrist.org/0e/d6/0ed6ded8f5cbdf9cc6ec29f593f536b6f9c5bbd5/we_are_all_enlisted_accompaniment_eng.mp3
158,Siam la reale armata,"Gesù Cristo, fede, lode, pace, perseverare fino alla fine",Occasioni speciali,https://assets.churchofjesuschrist.org/bb/3f/bb3f8dbfcabb13b8e9e811b3aa6f33d79e624924/behold_a_royal_army_accompaniment_eng.mp3
159,Bisogno al mondo v’è di te,"felicità, impegno, leader, perseverare fino alla fine, responsabilità, servizio, speranza",Occasioni speciali,https://assets.churchofjesuschrist.org/ac/c2/acc280ca0c0c2e8953cc901f22b0d45774164264/put_your_shoulder_to_the_wheel_accompaniment_eng.mp3
160,"Quest’inno ascolta, o Re","Spirito Santo, chiusura, gratitudine, umiltà",Occasioni speciali,https://assets.churchofjesuschrist.org/57/22/572268c5b60747db84f9211b03952160e8bcdf2a/hear_thou_our_hymn_o_lord_accompaniment_eng.mp3
161,"Forza, giovani di Sion","Parola di Saggezza, coraggio, dignità, fede, giovani, impegno, moralità, verità",Occasioni speciali,https://assets.churchofjesuschrist.org/15/e5/15e500a884fad8a94fb9592e935b190aaef3bafc/true_to_the_faith_accompaniment_eng.mp3
162,Come montagne saremo,"esempio, fede, giovani, impegno, pionieri",Occasioni speciali,https://assets.churchofjesuschrist.org/73/e0/73e01ebcee4bac636291d364e7ed0d679ef86fab/carry_on_accompaniment_eng.mp3
163,Sei la rocca di salvezza,"Gesù Cristo, giovani, impegno, opera missionaria, unità",Occasioni speciali,https://assets.churchofjesuschrist.org/ae/94/ae940e788a4fb94e8f0fcd39de712c6a5ef86ef0/o_thou_rock_of_our_salvation_accompaniment_eng.mp3
164,O speranza d’Israele,"Israele, Sion, giovani, impegno, speranza, verità",Occasioni speciali,https://assets.churchofjesuschrist.org/53/0c/530c7bb3ec6bd7bb32f865823b74ed919175051a/hope_of_israel_accompaniment_eng.mp3
165,Chi sta con il Signor?,"Gesù Cristo, discepolato, impegno, integrità",Occasioni speciali,https://assets.churchofjesuschrist.org/41/ba/41bac4c2e43abfe6bb509dd50927d91ff1b854f5/whos_on_the_lords_side_accompaniment_eng.mp3
166,"Genti, guardate!","Restaurazione, gioia, insegnamento, lode, opera missionaria, verità",Occasioni speciali,https://media2.ldscdn.org/assets/music/hymns/2001-01-2640-hark-all-ye-nations-instrumental-192k-eng.mp3
167,La Tua parola,"Scritture, Vangelo, gioia, gratitudine, impegno, lode, opera missionaria, preghiera, sharing, verità",Occasioni speciali,https://assets.churchofjesuschrist.org/1e/2f/1e2f5a6c5f465d99036388040a11a5392137aab8/thy_holy_word_accompaniment_eng.mp3
168,Il giorno è vicin,"Gesù Cristo, esempio, leader, opera missionaria, pentimento, perseverare fino alla fine, preparazione, prove, responsabilità, speranza",Occasioni speciali,https://assets.churchofjesuschrist.org/4f/65/4f6552a9b2d4208dbf0c045421499cfd533cee13/the_time_is_far_spent_accompaniment_eng.mp3
169,Andiam con fede,"Restaurazione, Vangelo, amore, coraggio, famiglia, fede, gioia, lode, opera missionaria, servizio, speranza, verità, vita eterna",Occasioni speciali,https://assets.churchofjesuschrist.org/55/b6/55b68c0164594da5fda99a8c22c722ac2f5b516a/go_forth_with_faith_accompaniment_eng.mp3
170,Su vette ardite mai forse andrò,"Gesù Cristo, Spirito Santo, amore, discepolato, fede, impegno, ministero, obbedienza, opera missionaria, servizio, umiltà",Occasioni speciali,https://assets.churchofjesuschrist.org/37/09/3709250e13cf940e4c1cd607f660701b09e73405/ill_go_where_you_want_me_to_go_accompaniment_eng.mp3
171,Qual gemma preziosa,"Scritture, battesimo, famiglia, fede, opera missionaria, sacerdozio, templi",Occasioni speciali,https://assets.churchofjesuschrist.org/17/b5/17b560d240726ec33abe1de8a944e1acb5a63434/oh_say_what_is_truth_accompaniment_eng.mp3
172,Qual gloria traspar,"Restaurazione, lode, opera missionaria, rendere il culto",Occasioni speciali,https://assets.churchofjesuschrist.org/8b/a1/8ba14869e991092b4caf47368f4ef66f6e1c781c/how_wondrous_and_great_accompaniment_eng.mp3
173,Se il Vangelo è nel tuo cuore,"amore, giudicare, parabole, verità",Occasioni speciali,https://assets.churchofjesuschrist.org/f4/22/f422ca46689e14054ea2eabbf60e4dd2e5160edc/nuestra_mente_se_reflejamusica_solo.mp3
174,A Nefi un tempo Dio mostrò,"Scritture, guida, perseverare fino alla fine, verità",Occasioni speciali,https://assets.churchofjesuschrist.org/d2/19/d2191e66e30b4b742265726afa53633a35da0011/the_iron_rod_accompaniment_eng.mp3
175,Quando studio le Scritture,"Scritture, conoscenza, guida, misericordia, saggezza",Occasioni speciali,https://assets.churchofjesuschrist.org/92/a1/92a1c306892190b9a8387c1513398a39f7dd6195/as_i_search_the_holy_scriptures_accompaniment_eng.mp3
176,"Benvenuto, bel mattino","Scritture, Scuola Domenicale, giorno del Signore, musica, rivelazione",Occasioni speciali,https://assets.churchofjesuschrist.org/0f/d1/0fd1bd3faac65ac40c8f8f13b48f3b2d5ad65577/welcome_welcome_sabbath_morning_accompaniment_eng.mp3
177,Dammi la Tua ispirazione,"amore, insegnamento, preghiera, servizio, shepherd",Occasioni speciali,https://media2.ldscdn.org/assets/music/hymns/2001-01-2810-help-me-teach-with-inspiration-instrumental-192k-eng.mp3
178,Se a Kolob tu potessi,"Creazione, Gesù Cristo, Padre Celeste, rendere il culto, verità",Occasioni speciali,https://assets.churchofjesuschrist.org/9a/ce/9acea8a24b48fc760d6b8f36a9dc7a48fd255963/if_you_could_hie_to_kolob_accompaniment_eng.mp3
179,"Ora, o santi, entriam nel tempio","alleanze, apprendimento, lode, obbedienza, ordinanze, piano di salvezza, servizio, templi",Occasioni speciali,https://assets.churchofjesuschrist.org/99/53/99533db49a2adf135813101f79b749bac1382360/rise_ye_saints_and_temples_enter_accompaniment_eng.mp3
180,Che bello il tempio del Signor,"exaltation, storia familiare, templi",Occasioni speciali,https://assets.churchofjesuschrist.org/c2/63/c26385fd26aa8806151a05d5ab21e17272b37ad8/how_beautiful_thy_temples_lord_accompaniment_eng.mp3
181,Sacri templi sopra il monte di Sion,"exaltation, storia familiare, templi",Occasioni speciali,https://assets.churchofjesuschrist.org/df/79/df79665e381f040936083d45c034448af7cfe745/holy_temples_on_mount_zion_accompaniment_eng.mp3
182,Padre mio,"Joseph Smith, Padre Celeste, Scritture, apprendimento, battesimo, conforto, conoscenza, esistenza preterrena, famiglia, fede, morte fisica, opera missionaria, piano di salvezza, preghiera, sacerdozio, templi, verità, vita eterna",Occasioni speciali,https://assets.churchofjesuschrist.org/41/a9/41a90f2f4e95030fe576e817cced17798fd15bd3/o_my_father_accompaniment_eng.mp3
183,Il ben che tocca il nostro cuor,"Società di Soccorso, amore, esempio, funerale, spiritualità, unità",Occasioni speciali,https://assets.churchofjesuschrist.org/d2/b2/d2b2ed1ae5b35f2c1263eaa4afbc97e22bd77995/each_life_that_touches_ours_for_good_accompaniment_eng.mp3
184,Padre mio,"Joseph Smith, Padre Celeste, Scritture, apprendimento, battesimo, conforto, conoscenza, esistenza preterrena, famiglia, fede, morte fisica, opera missionaria, piano di salvezza, preghiera, sacerdozio, templi, verità, vita eterna",Occasioni speciali,
185,Se in casa vuoi il cielo,"Scritture, amore, casa, famiglia, insegnamento, preghiera",Occasioni speciali,https://assets.churchofjesuschrist.org/b0/3e/b03e4c77ff89346b2a158eeec9a716def4292faa/home_can_be_a_heaven_on_earth_accompaniment_eng.mp3
186,Tutto è bello attorno a noi,"amore, casa, famiglia, gioia, nature, pace",Occasioni speciali,https://assets.churchofjesuschrist.org/2a/50/2a50778a65bea2b94583f92fc92cef2cd8f4b83f/love_at_home_accompaniment_eng.mp3
187,"Tu, Signor, ci sei vicino","Spirito Santo, dignità, famiglia, fede, guida, moralità, obbedienza",Bambini,https://assets.churchofjesuschrist.org/1e/40/1e40e08f5e62ca57271bf5c59444471897797c18/dearest_children_god_is_near_you_accompaniment_eng.mp3
188,I bambini sempre avranno,"casa, conforto, famiglia, funerale, grazia, raduno d’Israele",Bambini,
189,Le famiglie sono eterne,"famiglia, matrimonio, piano di salvezza, templi, vita eterna",Bambini,https://assets.churchofjesuschrist.org/fc/e3/fce3756391f1b68c0fe447329ca38f34175fdfb0/families_can_be_together_forever_accompaniment_eng.mp3
190,Sono un figlio di Dio,"Padre Celeste, apprendimento, casa, exaltation, famiglia, fede, figlio di Dio, guida, insegnamento, obbedienza, perseverare fino alla fine, piano di salvezza, vita eterna",Bambini,https://assets.churchofjesuschrist.org/3d/0f/3d0fb6dea895f454876a82341d5bbec8b0a109f2/i_am_a_child_of_god_accompaniment_eng.mp3
191,Mio Padre vive in ciel,"Padre Celeste, Spirito Santo, amore, fede, testimonianza, verità",Bambini,https://assets.churchofjesuschrist.org/10/c7/10c7996e03d8a479943c70cccd1f4b48fa790f82/i_know_my_father_lives_accompaniment_eng.mp3
192,Vivi il Vangelo,"Padre Celeste, comandamenti, pace, profeti",Bambini,https://assets.churchofjesuschrist.org/a6/f7/a6f719404ba0b9a7d6dd9eb59e6e7997a5d4f408/keep_the_commandments_accompaniment_eng.mp3
193,"Mamma e papà, insegnatemi insiem","Gesù Cristo, Padre Celeste, Vangelo, amore, apprendimento, comandamenti, conoscenza, exaltation, gioia, gratitudine, guida, insegnamento, lode, obbedienza, piano di salvezza, preghiera, verità",Bambini,https://assets.churchofjesuschrist.org/85/42/85427d30d9231b4224ec36810f2e2339aad04897/teach_me_to_walk_in_the_light_accompaniment_eng.mp3
194,La luce del Signor,"Spirito Santo, fede, nature, obbedienza, opera missionaria, speranza",Bambini,https://assets.churchofjesuschrist.org/e0/be/e0be465bace78090313947841c5434193cba87b5/la_luz_de_diosmusica_solo.mp3
195,Nella nostra bella Sion,"Parola di Saggezza, discepolato, famiglia, obbedienza",Bambini,https://assets.churchofjesuschrist.org/35/63/356322dc5d07054b29236c7bb9fd5476d5e74971/in_our_lovely_deseret_accompaniment_eng.mp3
196,Quand’Egli tornerà,"Gesù Cristo, Seconda Venuta, amore, discepolato, fede, opera missionaria",Bambini,
197,Come vi ho amati,"Gesù Cristo, Padre Celeste, amore, carità, comandamenti, discepolato, gentilezza, servizio",Bambini,https://assets.churchofjesuschrist.org/e8/b0/e8b0fed9b5e47b80570222190faaff81842b8e3d/love_one_another_accompaniment_eng.mp3
198,"Noi, come sorelle in Sion","Sion, compassione, conforto, lavoro, ministero, servizio, unità",Donne,https://assets.churchofjesuschrist.org/93/2a/932aff2192259b2760deee2ac6cc3dceac8f335e/as_sisters_in_zion_women_accompaniment_eng.mp3
199,"Fratelli, siam chiamati","dignità, leader, opera missionaria, responsabilità, sacerdozio",Uomini,https://assets.churchofjesuschrist.org/d1/11/d1119caba4692e073da7cbfe8df14cca8b4c988d/ye_who_are_called_to_labor_men_music_only.mp3
200,O figli del Signor,"Gesù Cristo, Millennio, Sion, battesimo, opera missionaria, raduno d’Israele, sacerdozio, shepherd",Uomini,https://assets.churchofjesuschrist.org/2e/17/2e174586b8f32336d5f23ebb347afc3e1157e6b7/come_all_ye_sons_of_god_men_music_only.mp3
201,Anziani d’Israele,"Israele, Sion, ministero, opera missionaria, raduno d’Israele",Uomini,https://assets.churchofjesuschrist.org/aa/69/aa69490a162958a6bc21f037074deeacedaa2b51/ye_elders_of_israel_men_music_only.mp3
202,"Va, pensiero sull’ali dorate",,Patria,
